Categoría;Componente;Cantidad;Estado;Prioridad
Raspberry Pi;Raspberry Pi 5 8 GB;1;Confirmado;Comprar ahora
Display;Waveshare 7" HDMI LCD (C);1;Confirmado/recibido;Disponible
Audio;Dayton DMA105-4;1;Propuesto;Al cerrar diseño
Audio;Dayton DMA105-PR;1;Propuesto;Al cerrar diseño
Amplificación;Dayton KABD-250;1;Propuesto;Al cerrar diseño
Audio;GY-PCM5102 (DAC I²S PCM5102A);1;Propuesto;Al cerrar diseño
Micrófonos;ReSpeaker Lite USB (2 micrófonos, XU316);1;Propuesto;Al cerrar diseño
Cámara;OV5647 5 MP (compatible v1.3) + cable 22→15 pines para Pi 5;1;Disponible;Comprobar el cable
LEDs;WS2812B;8–12;Propuesto;Al cerrar diseño
Alimentación;Mean Well GST60A24-P1J (24 V, 60 W, externa);1;Propuesto;Al cerrar diseño
Alimentación;Conector DC de panel 24 V;1;En estudio;Al cerrar diseño
Alimentación;Pololu D36V50F5 (24 → 5 V, 5,5 A);1;Propuesto;Al cerrar diseño
Refrigeración;Pi 5 Active Cooler;1;Necesario;Comprar ahora
Acústica;Espuma/relleno acústico para la cámara;1;Propuesto;Al cerrar diseño
Acústica;Junta de estanqueidad (burlete EPDM fino);1;Propuesto;Al cerrar diseño
Cableado;Cable HDMI plano A → micro-HDMI con cabezales a 90°;1;Necesario;Al cerrar diseño
Cableado;Cable micro-USB acodado → USB-A (táctil);1;Necesario;Al cerrar diseño
Mecánica;Tornillos M2.5 × 6 autorroscantes (pantalla);4;Necesario;Comprar ahora
Electrónica;Adaptador de nivel SN74AHCT125 + resistencia 330 Ω + condensador 1000 µF (LEDs);1;Propuesto;Al cerrar diseño
Cableado;Cable USB-C corto solo alimentación (Pololu → Pi 5);1;Necesario;Al cerrar diseño
Mecánica;Tornillos M2 × 5 autorroscantes (cámara);4;Necesario;Comprar ahora
Mecánica;Tornillos M3 avellanados + insertos M3 (capucha);2;Necesario;Comprar ahora
Filamento;PLA o PETG natural/translúcido (difusor LED);poco;Necesario;Comprar ahora
Mecánica;Insertos M3 de latón + tornillos M3 × 8 (altavoz, radiador y rebordes);16;Necesario;Comprar ahora
Acústica;Junta de espuma de 2 mm (marcos de altavoz y radiador);1;Necesario;Comprar ahora
Filamento;TPU (4 patas);poco;Necesario;Al imprimir
Mecánica;Inserts/tornillos M3;varios;Necesario;Al cerrar diseño
